city_code,city_name,province_code,region,region_b,region_c,region_s
6113,KAB. Mempawah,61,3,4,4,4
1103,KAB. ACEH SELATAN,11,3,4,2,4
7108,KAB. SIAU TAGULANDANG BIA,71,3,3,3,3
7606,KAB. Pasangkayu,76,3,3,3,3
1102,KAB. ACEH SINGKIL,11,3,4,2,4
1104,KAB. ACEH TENGGARA,11,3,4,2,4
1105,KAB. ACEH TIMUR,11,3,4,2,4
1106,KAB. ACEH TENGAH,11,3,4,2,4
1107,KAB. ACEH BARAT,11,3,4,2,4
1108,KAB. ACEH BESAR,11,3,4,2,4
1109,KAB. PIDIE,11,3,4,2,4
1110,KAB. BIREUEN,11,3,4,2,4
1111,KAB. ACEH UTARA,11,3,4,2,4
1112,KAB. ACEH BARAT DAYA,11,3,4,2,4
1113,KAB. GAYO LUES,11,3,4,2,4
1114,KAB. ACEH TAMIANG,11,3,4,2,4
1115,KAB. NAGAN RAYA,11,3,4,2,4
1116,KAB. ACEH JAYA,11,3,4,2,4
1203,KAB. TAPANULI SELATAN,12,3,3,3,3
1204,KAB. TAPANULI TENGAH,12,3,3,3,3
1205,KAB. TAPANULI UTARA,12,3,3,3,3
1206,KAB. TOBA SAMOSIR,12,3,3,3,3
1207,KAB. LABUHAN BATU,12,3,3,3,3
1117,KAB. BENER MERIAH,11,3,4,2,4
1118,KAB. PIDIE JAYA,11,3,4,2,4
1171,KOTA BANDA ACEH,11,3,4,2,4
1172,KOTA SABANG,11,3,4,2,4
1173,KOTA LANGSA,11,3,4,2,4
1174,KOTA LHOKSEUMAWE,11,3,4,2,4
1175,KOTA SUBULUSSALAM,11,3,4,2,4
1101,KAB. SIMEULUE,11,3,4,2,4
1208,KAB. ASAHAN,12,3,3,3,3
1210,KAB. DAIRI,12,3,3,3,3
1211,KAB. KARO,12,3,3,3,3
1684,KAB. P A L I,16,1,2,2,2
1202,KAB. MANDAILING NATAL,12,3,3,3,3
1212,KAB. DELI SERDANG,12,3,3,3,3
1213,KAB. LANGKAT,12,3,3,3,3
1215,KAB. HUMBANG HASUNDUTAN,12,3,3,3,3
1216,KAB. PAKPAK BHARAT,12,3,3,3,3
1217,KAB. SAMOSIR,12,3,3,3,3
1218,KAB. SERDANG BEDAGAI,12,3,3,3,3
1272,KOTA TANJUNG BALAI,12,3,3,3,3
1222,KAB. LABUHAN BATU SELATAN,12,3,3,3,3
1223,KAB. LABUHAN BATU UTARA,12,3,3,3,3
1224,KAB. NIAS UTARA,12,3,3,3,3
1225,KAB. NIAS BARAT,12,3,3,3,3
1271,KOTA SIBOLGA,12,3,3,3,3
1273,KOTA PEMATANG SIANTAR,12,3,3,3,3
1274,KOTA TEBING TINGGI,12,3,3,3,3
1275,KOTA MEDAN,12,3,3,3,3
1276,KOTA BINJAI,12,3,3,3,3
1278,KOTA GUNUNGSITOLI,12,3,3,3,3
1277,KOTA PADANGSIDIMPUAN,12,3,3,3,3
1301,KAB. KEPULAUAN MENTAWAI,13,1,3,2,3
1303,KAB. SOLOK,13,1,3,2,3
1304,KAB. SIJUNJUNG,13,1,3,2,3
1305,KAB. TANAH DATAR,13,1,3,2,3
1307,KAB. AGAM,13,1,3,2,3
1306,KAB. PADANG PARIAMAN,13,1,3,2,3
1220,KAB. PADANG LAWAS UTARA,12,3,3,3,3
1214,KAB. NIAS SELATAN,12,3,3,3,3
1201,KAB. NIAS,12,3,3,3,3
1221,KAB. PADANG LAWAS,12,3,3,3,3
1308,KAB. LIMA PULUH KOTA,13,1,3,2,3
1309,KAB. PASAMAN,13,1,3,2,3
1310,KAB. SOLOK SELATAN,13,1,3,2,3
1311,KAB. DHARMASRAYA,13,1,3,2,3
1371,KOTA PADANG,13,1,3,2,3
1312,KAB. PASAMAN BARAT,13,1,3,2,3
1372,KOTA SOLOK,13,1,3,2,3
1373,KOTA SAWAH LUNTO,13,1,3,2,3
1375,KOTA BUKITTINGGI,13,1,3,2,3
1376,KOTA PAYAKUMBUH,13,1,3,2,3
1377,KOTA PARIAMAN,13,1,3,2,3
1374,KOTA PADANG PANJANG,13,1,3,2,3
1403,KAB. INDRAGIRI HILIR,14,1,3,2,3
1404,KAB. PELALAWAN,14,1,3,2,3
1405,KAB. SIAK,14,1,3,2,3
1407,KAB. ROKAN HULU,14,1,3,2,3
1471,KOTA PEKANBARU,14,1,3,2,3
1406,KAB. Kampar,14,1,3,2,3
1408,KAB. Bengkalis,14,1,3,2,3
1401,KAB. Kuantan Singingi,14,1,3,2,3
1473,Kota Dumai,14,1,3,2,3
1410,KAB. Kepulauan Meranti,14,1,3,2,3
1505,KAB. MUARO JAMBI,15,1,3,2,3
1503,KAB. SAROLANGUN,15,1,3,2,3
1504,KAB. BATANG HARI,15,1,3,2,3
1506,KAB. TANJUNG JABUNG TIMUR,15,1,3,2,3
1507,KAB. TANJUNG JABUNG BARAT,15,1,3,2,3
1508,KAB. TEBO,15,1,3,2,3
1509,KAB. BUNGO,15,1,3,2,3
1502,KAB. Merangin,15,1,3,2,3
1572,Kota Sungai Penuh,15,1,3,2,3
1571,Kota Jambi,15,1,3,2,3
1602,KAB. OGAN KOMERING ILIR,16,1,2,2,2
1608,KAB. O K U S,16,1,2,2,2
1609,KAB. O K U T,16,1,2,2,2
1610,KAB. OGAN ILIR,16,1,2,2,2
1701,KAB. BENGKULU SELATAN,17,1,3,2,3
1702,KAB. REJANG LEBONG,17,1,3,2,3
1704,KAB. KAUR,17,1,3,2,3
1672,KOTA PRABUMULIH,16,1,2,2,2
1673,KOTA PAGAR ALAM,16,1,2,2,2
1674,KOTA LUBUKLINGGAU,16,1,2,2,2
1612,Kab.  PALI,16,1,2,2,2
1605,KAB. Musi Rawas,16,1,2,2,2
1611,KAB. Empat Lawang,16,1,2,2,2
1709,KAB. BENGKULU TENGAH,17,1,3,2,3
1771,KOTA BENGKULU,17,1,3,2,3
1703,KAB. Bengkulu Utara,17,1,3,2,3
1705,KAB. SELUMA,17,1,3,2,3
1706,KAB. MUKOMUKO,17,1,3,2,3
1707,KAB. LEBONG,17,1,3,2,3
1708,KAB. KEPAHIANG,17,1,3,2,3
1802,KAB. TANGGAMUS,18,1,1,1,2
1803,KAB. LAMPUNG SELATAN,18,1,1,1,2
1804,KAB. LAMPUNG TIMUR,18,1,1,1,2
1805,KAB. LAMPUNG TENGAH,18,1,1,1,2
1806,KAB. LAMPUNG UTARA,18,1,1,1,2
1807,KAB. WAY KANAN,18,1,1,1,2
1902,KAB. BELITUNG,19,1,3,2,3
1901,KAB. BANGKA,19,1,3,2,2
1903,KAB. BANGKA BARAT,19,1,3,2,2
1811,KAB. MESUJI,18,1,1,1,2
1872,KOTA METRO,18,1,1,1,2
1871,Kota Bandar Lampung,18,1,1,1,2
1810,KAB. Pringsewu,18,1,1,1,2
1812,KAB. Tulang Bawang Barat,18,1,1,1,2
1873,KAB. Pesisir Barat,18,1,1,1,2
1904,KAB. BANGKA TENGAH,19,1,3,2,2
1906,KAB. BELITUNG TIMUR,19,1,3,2,3
1971,KOTA PANGKAL PINANG,19,1,3,2,3
2171,Kota Batam,21,1,4,2,4
2102,KAB. BINTAN,21,1,4,2,4
2172,KOTA TANJUNG PINANG,21,1,4,2,4
2101,KAB. Karimun,21,1,4,2,4
2103,KAB. Natuna,21,1,4,2,4
3101,KAB. KEPULAUAN SERIBU,31,1,1,1,1
3171,KOTA JAKARTA SELATAN,31,1,1,1,1
3172,KOTA JAKARTA TIMUR,31,1,1,1,1
3173,KOTA JAKARTA PUSAT,31,1,1,1,1
3174,KOTA JAKARTA BARAT,31,1,1,1,1
3175,KOTA JAKARTA UTARA,31,1,1,1,1
3201,KAB. BOGOR,32,1,1,1,1
3202,KAB. SUKABUMI,32,1,1,1,1
3203,KAB. CIANJUR,32,1,1,1,1
3204,KAB. BANDUNG,32,1,1,1,1
3205,KAB. GARUT,32,1,1,1,1
3206,KAB. TASIKMALAYA,32,1,1,1,1
3208,KAB. KUNINGAN,32,1,1,1,1
3209,KAB. CIREBON,32,1,1,1,1
3210,KAB. MAJALENGKA,32,1,1,1,1
3211,KAB. SUMEDANG,32,1,1,1,1
3212,KAB. INDRAMAYU,32,1,1,1,1
3213,KAB. SUBANG,32,1,1,1,1
3214,KAB. PURWAKARTA,32,1,1,1,1
3215,KAB. KARAWANG,32,1,1,1,1
3216,KAB. BEKASI,32,1,1,1,1
3271,KOTA BOGOR,32,1,1,1,1
3272,KOTA SUKABUMI,32,1,1,1,1
3273,KOTA BANDUNG,32,1,1,1,1
3274,KOTA CIREBON,32,1,1,1,1
3275,KOTA BEKASI,32,1,1,1,1
3276,KOTA DEPOK,32,1,1,1,1
3277,KOTA CIMAHI,32,1,1,1,1
3278,KOTA TASIKMALAYA,32,1,1,1,1
3279,KOTA BANJAR,32,1,1,1,1
3217,KAB. Bandung Barat,32,1,1,1,1
3218,KAB. Pangandaran,32,1,1,1,1
3301,KAB. CILACAP,33,1,1,1,1
3302,KAB. BANYUMAS,33,1,1,1,1
3303,KAB. PURBALINGGA,33,1,1,1,1
3304,KAB. BANJARNEGARA,33,1,1,1,1
3305,KAB. KEBUMEN,33,1,1,1,1
3306,KAB. PURWOREJO,33,1,1,1,1
3307,KAB. WONOSOBO,33,1,1,1,1
3308,KAB. MAGELANG,33,1,1,1,1
3310,KAB. KLATEN,33,1,1,1,1
3311,KAB. SUKOHARJO,33,1,1,1,1
3312,KAB. WONOGIRI,33,1,1,1,1
3313,KAB. KARANGANYAR,33,1,1,1,1
3314,KAB. SRAGEN,33,1,1,1,1
3315,KAB. GROBOGAN,33,1,1,1,1
3316,KAB. BLORA,33,1,1,1,1
3317,KAB. REMBANG,33,1,1,1,1
3318,KAB. PATI,33,1,1,1,1
3319,KAB. KUDUS,33,1,1,1,1
3320,KAB. JEPARA,33,1,1,1,1
3321,KAB. DEMAK,33,1,1,1,1
3322,KAB. SEMARANG,33,1,1,1,1
3323,KAB. TEMANGGUNG,33,1,1,1,1
3324,KAB. KENDAL,33,1,1,1,1
3325,KAB. BATANG,33,1,1,1,1
3326,KAB. PEKALONGAN,33,1,1,1,1
3327,KAB. PEMALANG,33,1,1,1,1
3328,KAB. TEGAL,33,1,1,1,1
3329,KAB. BREBES,33,1,1,1,1
3371,KOTA MAGELANG,33,1,1,1,1
3372,KOTA SURAKARTA,33,1,1,1,1
3373,KOTA SALATIGA,33,1,1,1,1
3374,KOTA SEMARANG,33,1,1,1,1
3375,KOTA PEKALONGAN,33,1,1,1,1
3376,KOTA TEGAL,33,1,1,1,1
3401,KAB. KULON PROGO,34,1,1,1,1
3402,KAB. BANTUL,34,1,1,1,1
3403,KAB. GUNUNG KIDUL,34,1,1,1,1
3404,KAB. SLEMAN,34,1,1,1,1
3471,KOTA YOGYAKARTA,34,1,1,1,1
3501,KAB. PACITAN,35,1,1,1,1
3502,KAB. PONOROGO,35,1,1,1,1
3503,KAB. TRENGGALEK,35,1,1,1,1
3504,KAB. TULUNGAGUNG,35,1,1,1,1
3505,KAB. BLITAR,35,1,1,1,1
3506,KAB. KEDIRI,35,1,1,1,1
3508,KAB. LUMAJANG,35,1,1,1,1
3509,KAB. JEMBER,35,1,1,1,1
3512,KAB. SITUBONDO,35,1,1,1,1
3513,KAB. PROBOLINGGO,35,1,1,1,1
3514,KAB. PASURUAN,35,1,1,1,1
3515,KAB. SIDOARJO,35,1,1,1,1
3516,KAB. MOJOKERTO,35,1,1,1,1
3517,KAB. JOMBANG,35,1,1,1,1
3518,KAB. NGANJUK,35,1,1,1,1
3519,KAB. MADIUN,35,1,1,1,1
3520,KAB. MAGETAN,35,1,1,1,1
3521,KAB. NGAWI,35,1,1,1,1
3523,KAB. TUBAN,35,1,1,1,1
3524,KAB. LAMONGAN,35,1,1,1,1
3525,KAB. GRESIK,35,1,1,1,1
3526,KAB. BANGKALAN,35,1,1,1,1
3527,KAB. SAMPANG,35,1,1,1,1
3528,KAB. PAMEKASAN,35,1,1,1,1
3529,KAB. SUMENEP,35,1,1,1,1
3571,KOTA KEDIRI,35,1,1,1,1
3572,KOTA BLITAR,35,1,1,1,1
3573,KOTA MALANG,35,1,1,1,1
3574,KOTA PROBOLINGGO,35,1,1,1,1
3577,KOTA MADIUN,35,1,1,1,1
3578,KOTA SURABAYA,35,1,1,1,1
3579,KOTA BATU,35,1,1,1,1
3510,KAB. Banyuwangi,35,1,1,1,1
3507,KAB. Malang,35,1,1,1,1
3576,Kota Mojokerto,35,1,1,1,1
3575,Kota Pasuruan,35,1,1,1,1
3522,KAB. Bojonegoro,35,1,1,1,1
3511,KAB. Bondowoso,35,1,1,1,1
3601,KAB. PANDEGLANG,36,1,1,1,1
3602,KAB. LEBAK,36,1,1,1,1
3603,KAB. TANGERANG,36,1,1,1,1
3671,KOTA TANGERANG,36,1,1,1,1
3672,KOTA CILEGON,36,1,1,1,1
3673,KOTA SERANG,36,1,1,1,1
3674,KOTA TANGERANG SELATAN,36,1,1,1,1
3604,KAB. Serang,36,1,1,1,1
5101,KAB. JEMBRANA,51,1,2,1,1
5102,KAB. TABANAN,51,1,2,1,1
5103,KAB. BADUNG,51,1,2,1,1
5104,KAB. GIANYAR,51,1,2,1,1
5105,KAB. KLUNGKUNG,51,1,2,1,1
5106,KAB. BANGLI,51,1,2,1,1
5201,KAB. LOMBOK BARAT,52,1,2,1,2
5202,KAB. LOMBOK TENGAH,52,1,2,1,2
5204,KAB. SUMBAWA,52,1,2,1,2
5205,KAB. DOMPU,52,1,2,1,2
5107,KAB. KARANG ASEM,51,1,2,1,1
5108,KAB. BULELENG,51,1,2,1,1
5171,KOTA DENPASAR,51,1,2,1,1
5302,KAB. SUMBA TIMUR,53,1,4,4,4
5303,KAB. KUPANG,53,1,4,1,4
5206,KAB. BIMA,52,1,2,1,2
5207,KAB. SUMBAWA BARAT,52,1,2,1,2
5208,KAB. LOMBOK UTARA,52,1,2,1,2
5271,KOTA MATARAM,52,1,2,1,2
5272,KOTA BIMA,52,1,2,1,2
5304,KAB. TIMOR TENGAH SELATAN,53,1,4,4,4
5305,KAB. TIMOR TENGAH UTARA,53,1,4,4,4
5307,KAB. ALOR,53,1,4,4,4
5308,KAB. LEMBATA,53,1,4,4,4
5309,KAB. FLORES TIMUR,53,1,4,4,4
5310,KAB. SIKKA,53,1,4,4,4
5311,KAB. ENDE,53,1,4,4,4
5316,KAB. SUMBA TENGAH,53,1,4,4,4
5318,KAB. NAGEKEO,53,1,4,4,4
5320,KAB. SABU RAIJUA,53,1,4,4,4
5317,KAB. Sumba Barat Daya,53,1,4,4,4
5313,KAB. Manggarai,53,1,4,4,4
5319,KAB. Manggarai Timur,53,1,4,4,4
5306,KAB. Belu,53,1,4,4,4
5371,KOTA KUPANG,53,1,4,1,4
5312,KAB. Ngada,53,1,4,4,4
5301,KAB. Sumba Barat,53,1,4,4,4
5314,KAB. Rote Ndao,53,1,4,4,4
5321,KAB. Malaka,53,1,4,4,4
6101,KAB. SAMBAS,61,3,4,4,4
6102,KAB. BENGKAYANG,61,3,4,4,4
6103,KAB. LANDAK,61,3,4,4,4
6104,KAB. MEMPAWAH,61,3,4,4,4
6105,KAB. SANGGAU,61,3,4,4,4
6106,KAB. KETAPANG,61,3,4,4,4
6107,KAB. SINTANG,61,3,4,4,4
6201,KAB. KOTAWARINGIN BARAT,62,4,4,4,4
6203,KAB. KAPUAS,62,4,4,4,4
6108,KAB. KAPUAS HULU,61,3,4,4,4
6109,KAB. SEKADAU,61,3,4,4,4
6110,KAB. MELAWI,61,3,4,4,4
6112,KAB. KUBU RAYA,61,3,4,4,4
6171,KOTA PONTIANAK,61,3,4,4,4
6172,KOTA SINGKAWANG,61,3,4,4,4
6111,KAB. Kayong Utara,61,3,4,4,4
6204,KAB. BARITO SELATAN,62,4,4,4,4
6206,KAB. SUKAMARA,62,4,4,4,4
6301,KAB. TANAH LAUT,63,3,4,4,4
6207,KAB. LAMANDAU,62,4,4,4,4
6208,KAB. SERUYAN,62,4,4,4,4
6209,KAB. KATINGAN,62,4,4,4,4
6210,KAB. PULANG PISAU,62,4,4,4,4
6212,KAB. BARITO TIMUR,62,4,4,4,4
6213,KAB. MURUNG RAYA,62,4,4,4,4
6271,KOTA PALANGKA RAYA,62,4,4,4,4
6202,KAB. Kotawaringin Timur,62,4,4,4,4
6205,KAB. Barito Utara,62,4,4,4,4
6211,KAB. Gunung Mas,62,4,4,4,4
6304,KAB. BARITO KUALA,63,3,4,4,4
6305,KAB. TAPIN,63,3,4,4,4
6306,KAB. HULU SUNGAI SELATAN,63,3,4,4,4
6307,KAB. HULU SUNGAI TENGAH,63,3,4,4,4
6308,KAB. HULU SUNGAI UTARA,63,3,4,4,4
6309,KAB. TABALONG,63,3,4,4,4
6310,KAB. TANAH BUMBU,63,3,4,4,4
6401,KAB. PASER,64,3,4,4,4
6402,KAB. KUTAI BARAT,64,3,4,4,4
6403,KAB. KUTAI KARTANEGARA,64,3,4,4,4
6404,KAB. KUTAI TIMUR,64,3,4,4,4
6405,KAB. BERAU,64,3,4,4,4
6406,KAB. MALINAU,64,3,4,4,4
6311,KAB. BALANGAN,63,3,4,4,4
6371,KOTA BANJARMASIN,63,3,4,4,4
6372,KOTA BANJARBARU,63,3,4,4,4
6302,KAB. KOTA BARU,63,3,4,4,4
6303,KAB. Banjar,63,3,4,4,4
6407,KAB. BULUNGAN,64,3,4,4,4
6408,KAB. NUNUKAN,64,3,4,4,4
6409,KAB. PENAJAM PASER UTARA,64,3,4,4,4
6410,KAB. TANA TIDUNG,64,3,4,4,4
6502,KAB. Bulungan,65,4,4,4,4
6503,KAB. Malinau,65,4,4,4,4
6504,KAB. Tana Tidung,65,4,4,4,4
6571,Kota Tarakan,65,4,4,4,4
6472,KOTA SAMARINDA,64,3,4,4,4
6473,KOTA TARAKAN,64,3,4,4,4
6474,KOTA BONTANG,64,3,4,4,4
6471,KOTA BALIKPAPAN,64,3,4,4,4
6475,KAB. Mahakam Ulu,64,3,4,4,4
6476,KAB. Mahakam Ulu,64,3,4,4,4
6477,KAB. Mahakam Ulu,64,3,4,4,4
6478,KAB. Mahakam Ulu,64,3,4,4,4
6479,KAB. Mahakam Ulu,64,3,4,4,4
7103,KAB. KEPULAUAN SANGIHE,71,3,3,3,3
7104,KAB. KEPULAUAN TALAUD,71,3,3,3,3
7105,KAB. MINAHASA SELATAN,71,3,3,3,3
7106,KAB. MINAHASA UTARA,71,3,3,3,3
7107,KAB. BOLAANG MONGONDOW UT,71,3,3,3,3
7109,KAB. MINAHASA TENGGARA,71,3,3,3,3
7111,KAB. BOLAANG MONGONDOW TI,71,3,3,3,3
7172,KOTA BITUNG,71,3,3,3,3
7173,KOTA TOMOHON,71,3,3,3,3
7174,KOTA KOTAMOBAGU,71,3,3,3,3
7171,Kota Manado,71,3,3,3,3
7201,KAB. BANGGAI KEPULAUAN,72,3,3,3,3
7204,KAB. POSO,72,3,3,3,3
7205,KAB. DONGGALA,72,3,3,3,3
7206,KAB. TOLI-TOLI,72,3,3,3,3
7207,KAB. BUOL,72,3,3,3,3
7210,KAB. SIGI,72,3,3,3,3
7271,KOTA PALU,72,3,3,3,3
7208,KAB. Parigi Moutong,72,3,3,3,3
7227,Kota Palu,72,3,3,3,3
7202,KAB. Banggai,72,3,3,3,3
7203,KAB. Morowali,72,3,3,3,3
7211,KAB. Morowali Utara,72,3,3,3,3
7212,KAB. Banggai Laut,72,3,3,3,3
7601,KAB. MAJENE,76,3,3,3,3
7602,KAB. POLEWALI MANDAR,76,3,3,3,3
7603,KAB. MAMASA,76,3,3,3,3
7605,KAB. PASANGKAYU,76,3,3,3,3
7607,KAB. Mamuju Tengah,76,3,3,3,3
7608,KAB. Mamuju Tengah,76,3,3,3,3
7609,KAB. Mamuju Tengah,76,3,3,3,3
7610,KAB. Mamuju Tengah,76,3,3,3,3
7611,KAB. Mamuju Tengah,76,3,3,3,3
7301,KAB. KEPULAUAN SELAYAR,73,3,3,3,3
7302,KAB. BULUKUMBA,73,3,3,3,3
7303,KAB. BANTAENG,73,3,3,3,3
7304,KAB. JENEPONTO,73,3,3,3,3
7306,KAB. GOWA,73,3,3,3,3
7307,KAB. SINJAI,73,3,3,3,3
7308,KAB. MAROS,73,3,3,3,3
7309,KAB. PANGKAJENE KEPULAUAN,73,3,3,3,3
7310,KAB. BARRU,73,3,3,3,3
7311,KAB. BONE,73,3,3,3,3
7312,KAB. SOPPENG,73,3,3,3,3
7313,KAB. WAJO,73,3,3,3,3
7314,KAB. SIDENRENG RAPPANG,73,3,3,3,3
7315,KAB. PINRANG,73,3,3,3,3
7316,KAB. ENREKANG,73,3,3,3,3
7318,KAB. TANA TORAJA,73,3,3,3,3
7325,KAB. LUWU TIMUR,73,3,3,3,3
7326,KAB. TORAJA UTARA,73,3,3,3,3
7371,KOTA MAKASSAR,73,3,3,3,3
7372,KOTA PARE-PARE,73,3,3,3,3
7373,KOTA PALOPO,73,3,3,3,3
7317,KAB. LUWU,73,3,3,3,3
7401,KAB. BUTON,74,3,3,3,3
7402,KAB. MUNA,74,3,3,3,3
7406,KAB. BOMBANA,74,3,3,3,3
7407,KAB. WAKATOBI,74,3,3,3,3
7408,KAB. KOLAKA UTARA,74,3,3,3,3
7409,KAB. BUTON UTARA,74,3,3,3,3
7471,KOTA KENDARI,74,3,3,3,3
7405,KAB. KONAWE SELATAN,74,3,3,3,3
7403,KAB. Konawe,74,3,3,3,3
7404,KAB. Kolaka,74,3,3,3,3
7411,KAB. Buton Tengah,74,3,3,3,3
7412,KAB. Konawe Kepulauan,74,3,3,3,3
7413,KAB. Buton Selatan,74,3,3,3,3
7414,KAB. Kolaka Timur,74,3,3,3,3
7415,KAB. Muna Barat,74,3,3,3,3
7501,KAB. BOALEMO,75,3,3,3,3
7503,KAB. POHUWATO,75,3,3,3,3
7571,KOTA GORONTALO,75,3,3,3,3
7504,KAB. Bone Bolango,75,3,3,3,3
7502,KAB. Gorontalo,75,3,3,3,3
8105,KAB. KEPULAUAN ARU,81,4,4,4,4
8106,KAB. SERAM BAGIAN BARAT,81,4,4,4,4
8109,KAB. BURU SELATAN,81,4,4,4,4
8172,KOTA TUAL,81,4,4,4,4
8103,KAB. Maluku Tengah,81,4,4,4,4
8171,KOTA AMBON,81,4,4,4,4
8101,Kab. Kep Tanimbar,81,4,4,4,4
8107,KAB. Seram Bagian Timur,81,4,4,4,4
8102,KAB. Kepulauan Aru,81,4,4,4,4
8203,KAB. KEPULAUAN SULA,82,4,4,4,4
8205,KAB. HALMAHERA UTARA,82,4,4,4,4
8206,KAB. HALMAHERA TIMUR,82,4,4,4,4
8207,KAB. PULAU MOROTAI,82,4,4,4,4
8272,KOTA TIDORE KEPULAUAN,82,4,4,4,4
8204,KAB. Halmahera Selatan,82,4,4,4,4
8201,KAB. Halmahera Barat,82,4,4,4,4
8208,KAB. Pulau Taliabu,82,4,4,4,4
8209,KAB. Kepulauan Morotai,82,4,4,4,4
8210,KAB. Kepulauan Morotai,82,4,4,4,4
8211,KAB. Kepulauan Morotai,82,4,4,4,4
8212,KAB. Kepulauan Morotai,82,4,4,4,4
8213,KAB. Kepulauan Morotai,82,4,4,4,4
8202,KAB. Halmahera Tengah,82,4,4,4,4
9101,KAB. FAKFAK,91,1,1,1,1
9102,KAB. KAIMANA,91,1,1,1,1
9103,KAB. TELUK WONDAMA,91,1,1,1,1
9104,KAB. TELUK BINTUNI,91,1,1,1,1
9105,KAB. MANOKWARI,91,1,1,1,1
9106,KAB. SORONG SELATAN,91,1,1,1,1
9107,KAB. SORONG,91,1,1,1,1
9108,KAB. RAJA AMPAT,91,1,1,1,1
9109,KAB. TAMBRAUW,91,1,1,1,1
9110,KAB. MAYBRAT,91,1,1,1,1
9171,KOTA SORONG,91,1,1,1,1
9401,KAB. MERAUKE,94,1,1,1,1
9402,KAB. JAYAWIJAYA,94,1,1,1,1
9403,KAB. JAYAPURA,94,1,1,1,1
9404,KAB. NABIRE,94,1,1,1,1
9408,KAB. KEPULAUAN YAPEN,94,1,1,1,1
9409,KAB. BIAK NUMFOR,94,1,1,1,1
9410,KAB. PANIAI,94,1,1,1,1
9411,KAB. PUNCAK JAYA,94,1,1,1,1
9412,KAB. MIMIKA,94,1,1,1,1
9413,KAB. BOVEN DIGOEL,94,1,1,1,1
9414,KAB. MAPPI,94,1,1,1,1
9415,KAB. ASMAT,94,1,1,1,1
9416,KAB. YAHUKIMO,94,1,1,1,1
9417,KAB. PEGUNUNGAN BINTANG,94,1,1,1,1
9418,KAB. TOLIKARA,94,1,1,1,1
9419,KAB. SARMI,94,1,1,1,1
9420,KAB. KEEROM,94,1,1,1,1
9426,KAB. WAROPEN,94,1,1,1,1
9427,KAB. SUPIORI,94,1,1,1,1
9428,KAB. MAMBERAMO RAYA,94,1,1,1,1
9429,KAB. NDUGA,94,1,1,1,1
9430,KAB. LANNY JAYA,94,1,1,1,1
9431,KAB. MAMBERAMO TENGAH,94,1,1,1,1
9432,KAB. YALIMO,94,1,1,1,1
9433,KAB. PUNCAK,94,1,1,1,1
9434,KAB. DOGIYAI,94,1,1,1,1
9435,KAB. INTAN JAYA,94,1,1,1,1
9436,KAB. DEIYAI,94,1,1,1,1
9471,KOTA JAYAPURA,94,1,1,1,1
5315,KAB. Manggarai Barat,53,1,4,4,4
3207,KAB. CIAMIS,32,1,1,1,1
1219,KAB. BATU BARA,12,3,3,3,3
1209,KAB. SIMALUNGUN,12,3,3,3,3
1801,KABUPATEN LAMPUNG BARAT,18,1,1,1,2
1302,KAB. Pesisir Selatan,13,1,3,2,3
7410,Kab. Konawe Utara,74,3,3,3,3
7472,KOTA BAUBAU,74,3,3,3,3
1402,KAB. INDRAGIRI HULU,14,1,3,2,3
1409,KAB. Rokan hilir,14,1,3,2,3
1501,KAB. Kerinci,15,1,3,2,3
1613,Kab. Musi Rawas Utara,16,1,2,2,2
1671,Kota Palembang,16,1,2,2,2
3309,KAB. BOYOLALI,33,1,1,1,1
7305,KAB. TAKALAR,73,3,3,3,3
1809,Kabupaten Pesawaran,18,1,1,1,2
7322,KAB. Luwu Utara,73,3,3,3,3
7110,KAB. BOLAANG MONGONDOW SL,71,3,3,3,3
1607,KAB. Banyuasin,16,1,2,2,2
1604,KAB. Lahat,16,1,2,2,2
1601,KAB. OGAN KOMERING ULU,16,1,2,2,2
1808,Kab. Tulang Bawang,18,1,1,1,2
1603,KAB. MUARA ENIM,16,1,2,2,2
1606,KAB. MUSI BANYUASIN,16,1,2,2,2
7209,KAB. Tojo Una-Una,72,3,3,3,3
7102,KAB. Minahasa,71,3,3,3,3
7101,KAB. Bolaang Mongondow,71,3,3,3,3
7604,KAB. Mamuju,76,3,3,3,3
7505,KAB. GORONTALO UTARA,75,3,3,3,3
2104,KAB. Lingga,21,1,4,2,4
2105,KAB. KEPULAUAN ANAMBAS,21,1,4,2,4
1905,KAB. BANGKA SELATAN,19,1,3,2,2
6501,KAB. Nunukan,65,4,4,4,4
8104,KAB. Buru,81,4,4,4,4
8108,KAB. Maluku Barat Daya,81,4,4,4,4
8271,KOTA TERNATE,82,4,4,4,4
5203,KAB. LOMBOK TIMUR,52,1,2,1,2
